{
	"question" : [{
			"question" : "Où se trouvent les glandes sudoripares d'un chien ?",
			"response" : "Sous ses pattes",
			"isTrue" : true,
			"isCompleted" : false
		}, {
			"question" : "Qui raconte les aventures de Sherlock Holmes ",
			"response" : "Watson",
			"isTrue" : true,
			"isCompleted" : false
		}, {
			"question" : "Quel est le pays natal de Wolfgang Amadeus Mozart ?  ",
			"response" : "Madagascar",
			"isTrue" : false,
			"isCompleted" : false
		}, {
			"question" : "Quel fleuve a le plus gros débit au monde ? ",
			"response" : "Nil",
			"isTrue" : false,
			"isCompleted" : false
		}, {
			"question" : "En géométrie, combien de côtés possède un losange?",
			"response" : "4",
			"isTrue" : true,
			"isCompleted" : false
		}, {
			"question" : "Selon le proverbe, par quoi commence la 'charité bien ordonnée'?",
			"response" : "Par les autres",
			"isTrue" : false,
			"isCompleted" : false
		}, {
			"question" : "Quel 'super-héros' est amoureux de Loïs Lane ?",
			"response" : "SuperMan",
			"isTrue" : true,
			"isCompleted" : false
		}, {
			"question" : "Comment appelle-t-on le point le plus haut du Soleil dans sa course ?",
			"response" : "Le Zenith",
			"isTrue" : true,
			"isCompleted" : false
		}, {
			"question" : "Dans quel pays se trouve la place Tian'anmen ?",
			"response" : "Congo",
			"isTrue" : true,
			"isCompleted" : false
		}
	]
}
